{"cameraMode":{"drawMode":0,"name":"Shaded","section":"Shading Mode"},"sceneLighting":false,"audioPlay":false,"sceneViewState":{"showFog":true,"showMaterialUpdate":true,"showSkybox":false,"showFlares":true,"showImageEffects":true,"showParticleSystems":true},"in2DMode":false,"pivot":{"x":-0.13046503067016602,"y":28.76529884338379,"z":0.975644588470459},"rotation":{"x":0.2873912453651428,"y":0.4480910897254944,"z":-0.15456834435462953,"w":0.8323437571525574},"size":10.10085678100586,"orthographic":false}