{"cameraMode":{"drawMode":0,"name":"Shaded","section":"Shading Mode"},"sceneLighting":false,"audioPlay":false,"sceneViewState":{"showFog":true,"showMaterialUpdate":true,"showSkybox":false,"showFlares":true,"showImageEffects":true,"showParticleSystems":true},"in2DMode":false,"pivot":{"x":-5.960464477539063e-8,"y":0.0,"z":0.05399999022483826},"rotation":{"x":-0.061761464923620227,"y":0.28544849157333376,"z":-0.01844032295048237,"w":-0.9562329649925232},"size":2.345020294189453,"orthographic":true}