{"cameraMode":{"drawMode":0,"name":"Shaded","section":"Shading Mode"},"sceneLighting":false,"audioPlay":false,"sceneViewState":{"showFog":true,"showMaterialUpdate":true,"showSkybox":false,"showFlares":true,"showImageEffects":true,"showParticleSystems":true},"in2DMode":false,"pivot":{"x":-0.1201813817024231,"y":0.014334753155708313,"z":2.9802322387695315e-8},"rotation":{"x":-0.457917183637619,"y":0.5307357311248779,"z":-0.573846161365509,"w":-0.42353424429893496},"size":1.515136957168579,"orthographic":false}