{"cameraMode":{"drawMode":0,"name":"Shaded","section":"Shading Mode"},"sceneLighting":false,"audioPlay":false,"sceneViewState":{"showFog":true,"showMaterialUpdate":true,"showSkybox":false,"showFlares":true,"showImageEffects":true,"showParticleSystems":true},"in2DMode":false,"pivot":{"x":-2.2906787395477297,"y":1.5293465852737427,"z":0.03026781976222992},"rotation":{"x":-0.07468102872371674,"y":-0.9187090396881104,"z":0.20807595551013947,"w":-0.3275049328804016},"size":0.9475327730178833,"orthographic":false}