{"cameraMode":{"drawMode":0,"name":"Shaded","section":"Shading Mode"},"sceneLighting":false,"audioPlay":false,"sceneViewState":{"showFog":true,"showMaterialUpdate":true,"showSkybox":false,"showFlares":true,"showImageEffects":true,"showParticleSystems":true},"in2DMode":false,"pivot":{"x":397.6998596191406,"y":209.91592407226563,"z":0.264068603515625},"rotation":{"x":0.005396591499447823,"y":0.0003156740276608616,"z":0.00017297209706157446,"w":1.000028133392334},"size":4815.54736328125,"orthographic":false}