{"cameraMode":{"drawMode":0,"name":"Shaded","section":"Shading Mode"},"sceneLighting":true,"audioPlay":false,"sceneViewState":{"showFog":true,"showMaterialUpdate":true,"showSkybox":false,"showFlares":true,"showImageEffects":true,"showParticleSystems":true},"in2DMode":false,"pivot":{"x":0.05188155174255371,"y":0.18785858154296876,"z":5.364418029785156e-7},"rotation":{"x":0.3586875796318054,"y":-0.1416826993227005,"z":0.05532519146800041,"w":0.921017587184906},"size":7.96684455871582,"orthographic":false}