{"cameraMode":{"drawMode":0,"name":"Shaded","section":"Shading Mode"},"sceneLighting":false,"audioPlay":false,"sceneViewState":{"showFog":true,"showMaterialUpdate":true,"showSkybox":false,"showFlares":true,"showImageEffects":true,"showParticleSystems":true},"in2DMode":false,"pivot":{"x":285.79669189453127,"y":180.90554809570313,"z":1.782867431640625},"rotation":{"x":0.1997557431459427,"y":-0.08439499884843826,"z":0.017750926315784456,"w":0.9761250019073486},"size":22.0,"orthographic":false}