{"cameraMode":{"drawMode":0,"name":"Shaded","section":"Shading Mode"},"sceneLighting":false,"audioPlay":false,"sceneViewState":{"showFog":true,"showMaterialUpdate":true,"showSkybox":false,"showFlares":true,"showImageEffects":true,"showParticleSystems":true},"in2DMode":false,"pivot":{"x":0.05254870653152466,"y":-0.08817154169082642,"z":-0.07524779438972473},"rotation":{"x":0.18534080684185029,"y":-0.4406130015850067,"z":0.09415692090988159,"w":0.8733953833580017},"size":1.215137004852295,"orthographic":false}