{"cameraMode":{"drawMode":0,"name":"Shaded","section":"Shading Mode"},"sceneLighting":false,"audioPlay":false,"sceneViewState":{"showFog":true,"showMaterialUpdate":true,"showSkybox":false,"showFlares":true,"showImageEffects":true,"showParticleSystems":true},"in2DMode":false,"pivot":{"x":709.7506713867188,"y":25.32935333251953,"z":-2.244720458984375},"rotation":{"x":0.005396591499447823,"y":0.0003156740276608616,"z":0.00017297209706157446,"w":1.000028133392334},"size":197.84649658203126,"orthographic":false}