{"cameraMode":{"drawMode":0,"name":"Shaded","section":"Shading Mode"},"sceneLighting":false,"audioPlay":false,"sceneViewState":{"showFog":true,"showMaterialUpdate":true,"showSkybox":false,"showFlares":true,"showImageEffects":true,"showParticleSystems":true},"in2DMode":false,"pivot":{"x":-0.3538479804992676,"y":0.2478344738483429,"z":0.0},"rotation":{"x":0.16468723118305207,"y":0.7844415307044983,"z":-0.5498936176300049,"w":0.23492470383644105},"size":1.1088104248046876,"orthographic":false}