{"cameraMode":{"drawMode":0,"name":"Shaded","section":"Shading Mode"},"sceneLighting":false,"audioPlay":false,"sceneViewState":{"showFog":true,"showMaterialUpdate":true,"showSkybox":false,"showFlares":true,"showImageEffects":true,"showParticleSystems":true},"in2DMode":false,"pivot":{"x":2.9802322387695315e-8,"y":0.9239950180053711,"z":0.15749499201774598},"rotation":{"x":0.1741916686296463,"y":0.5343016982078552,"z":-0.11344633996486664,"w":0.8193716406822205},"size":3.7547824382781984,"orthographic":false}