{"cameraMode":{"drawMode":0,"name":"Shaded","section":"Shading Mode"},"sceneLighting":false,"audioPlay":false,"sceneViewState":{"showFog":true,"showMaterialUpdate":true,"showSkybox":false,"showFlares":true,"showImageEffects":true,"showParticleSystems":true},"in2DMode":false,"pivot":{"x":0.0,"y":-2.491971731185913,"z":0.46000000834465029},"rotation":{"x":-0.0006025414913892746,"y":0.006314768455922604,"z":0.00017510863835923374,"w":1.0000226497650147},"size":0.6006225347518921,"orthographic":false}