{"cameraMode":{"drawMode":0,"name":"Shaded","section":"Shading Mode"},"sceneLighting":false,"audioPlay":false,"sceneViewState":{"showFog":true,"showMaterialUpdate":true,"showSkybox":false,"showFlares":true,"showImageEffects":true,"showParticleSystems":true},"in2DMode":false,"pivot":{"x":-0.008171945810317994,"y":-6.54094123840332,"z":4.735655307769775},"rotation":{"x":-0.520672619342804,"y":0.4750145673751831,"z":-0.5429565906524658,"w":-0.4567614197731018},"size":2.32894229888916,"orthographic":false}