{"cameraMode":{"drawMode":0,"name":"Shaded","section":"Shading Mode"},"sceneLighting":false,"audioPlay":false,"sceneViewState":{"showFog":true,"showMaterialUpdate":true,"showSkybox":false,"showFlares":true,"showImageEffects":true,"showParticleSystems":true},"in2DMode":false,"pivot":{"x":293.7032165527344,"y":213.1981201171875,"z":66.99169921875},"rotation":{"x":0.04888121411204338,"y":0.008170810528099537,"z":0.00005029395470046438,"w":0.998852550983429},"size":493.0201416015625,"orthographic":false}