{"cameraMode":{"drawMode":0,"name":"Shaded","section":"Shading Mode"},"sceneLighting":false,"audioPlay":false,"sceneViewState":{"showFog":true,"showMaterialUpdate":true,"showSkybox":false,"showFlares":true,"showImageEffects":true,"showParticleSystems":true},"in2DMode":false,"pivot":{"x":-1.0863652229309083,"y":0.33823299407958987,"z":-0.013827204704284668},"rotation":{"x":0.11280930787324906,"y":-0.8668727874755859,"z":0.42792752385139468,"w":0.2299056202173233},"size":22.0,"orthographic":false}