{"cameraMode":{"drawMode":0,"name":"Shaded","section":"Shading Mode"},"sceneLighting":true,"audioPlay":false,"sceneViewState":{"showFog":true,"showMaterialUpdate":true,"showSkybox":false,"showFlares":true,"showImageEffects":true,"showParticleSystems":true},"in2DMode":false,"pivot":{"x":-4.11962890625,"y":4.8511962890625,"z":-9.2119140625},"rotation":{"x":0.07583855092525482,"y":0.9023001194000244,"z":-0.17607922852039338,"w":0.38634392619132998},"size":4.479372024536133,"orthographic":true}