{"cameraMode":{"drawMode":0,"name":"Shaded","section":"Shading Mode"},"sceneLighting":false,"audioPlay":false,"sceneViewState":{"showFog":true,"showMaterialUpdate":true,"showSkybox":false,"showFlares":true,"showImageEffects":true,"showParticleSystems":true},"in2DMode":false,"pivot":{"x":-0.019026979804039,"y":-2.5174732208251955,"z":0.4727482795715332},"rotation":{"x":0.04104718565940857,"y":0.13182859122753144,"z":-0.005290389060974121,"w":0.9904518127441406},"size":0.6006225347518921,"orthographic":false}