{"cameraMode":{"drawMode":0,"name":"Shaded","section":"Shading Mode"},"sceneLighting":true,"audioPlay":false,"sceneViewState":{"showFog":true,"showMaterialUpdate":true,"showSkybox":true,"showFlares":true,"showImageEffects":true,"showParticleSystems":true},"in2DMode":false,"pivot":{"x":0.0,"y":-2.4863977432250978,"z":0.46000000834465029},"rotation":{"x":-0.06744885444641113,"y":0.0005910190520808101,"z":-0.000047555116907460615,"w":-0.9977316856384277},"size":1.033524513244629,"orthographic":true}