{"cameraMode":{"drawMode":0,"name":"Shaded","section":"Shading Mode"},"sceneLighting":false,"audioPlay":false,"sceneViewState":{"showFog":true,"showMaterialUpdate":true,"showSkybox":false,"showFlares":true,"showImageEffects":true,"showParticleSystems":true},"in2DMode":false,"pivot":{"x":0.07294636964797974,"y":-0.07718992233276367,"z":0.55219566822052},"rotation":{"x":0.19133222103118897,"y":-0.6928962469100952,"z":0.19928576052188874,"w":0.6660645604133606},"size":3.0343472957611086,"orthographic":false}